output_filename,object_name,variant,canvas_size,canvas_occupancy,subject_description,primary_colors,view,source_set,source_id,asset_id,recipe_id,merge_recipe,recipe_role,recipe_type
001_airplane.png,비행기,일반,아주큼,"제한축 기준 목표 942px (약 92%, 허용 90–94%)","둥글고 단순화된 동체에 좌우 날개, 꼬리날개, 작은 창문이 있는 여객기 한 대. 장난감처럼 친근하고 한눈에 비행기로 알아볼 수 있는 형태.","흰색, 하늘색, 빨간색 포인트",살짝 위에서 바라본 측면 3/4 시점,CSV 1,001,csv1-001,,,,
002_lunchbox.png,도시락,일반,작음,"제한축 기준 목표 384px (약 37.5%, 허용 35–40%)",뚜껑이 열린 직사각형 도시락 한 개. 밥과 반찬이 단순한 칸으로 나뉘어 담겨 있으며 모든 구성은 하나의 도시락 안에 포함됨.,"노란색, 주황색, 초록색, 흰색",살짝 위에서 바라본 3/4 시점,CSV 1,002,csv1-002,,,,
003_lightning.png,번개,일반,아주큼,"제한축 기준 목표 942px (약 92%, 허용 90–94%)",굵고 단순한 지그재그 실루엣의 번개 한 줄기. 끝부분은 뾰족하지만 전체 인상은 둥글고 친근함.,"밝은 노란색, 주황색 포인트",정면,CSV 1,003,csv1-003,,,,
004_four_leaf_clover.png,클로버,네잎,아주작음,"제한축 기준 목표 205px (약 20%, 허용 18–22%)",크기가 비슷한 둥근 하트 모양 잎 네 장과 짧은 줄기로 이루어진 네잎클로버 한 개. 네 장의 잎이 명확하게 구분됨.,"밝은 초록색, 짙은 초록색",정면,CSV 1,004,csv1-004,,,,
005_three_leaf_clover.png,클로버,세잎,아주작음,"제한축 기준 목표 205px (약 20%, 허용 18–22%)",크기가 비슷한 둥근 하트 모양 잎 세 장과 짧은 줄기로 이루어진 세잎클로버 한 개. 세 장의 잎이 명확하게 구분됨.,"밝은 초록색, 짙은 초록색",정면,CSV 1,005,csv1-005,,,,
006_snail_tucked_in.png,달팽이,웅크린 형태,아주큼,"제한축 기준 실제 985px (약 96.2%, 허용 94–98%)",둥근 나선형 껍데기를 등에 지고 몸을 낮춘 달팽이 한 마리. 껍데기 옆으로 둥근 얼굴과 두 더듬이가 보이며 몸은 짧고 통통하게 웅크린 자세.,"갈색, 베이지색, 연두색 포인트",측면,CSV 1,006,csv1-006,,,,
007_snail_out.png,달팽이,나와 있는 형태,아주큼,"제한축 기준 실제 985px (약 96.2%, 허용 94–98%)",둥근 나선형 껍데기를 등에 지고 몸과 머리를 길게 내민 달팽이 한 마리. 두 개의 더듬이와 단순한 얼굴이 보임.,"갈색, 베이지색, 연두색 포인트",측면,CSV 1,007,csv1-007,,,,
008_open_umbrella.png,우산,펼쳐진 우산,큼,"제한축 기준 목표 824px (약 80.5%, 허용 78–83%)",둥근 여러 칸의 우산천이 활짝 펼쳐지고 아래로 곧은 자루와 굽은 손잡이가 이어진 우산 한 개.,"빨간색, 분홍색, 짙은 갈색",정면에 가까운 3/4 시점,CSV 1,008,csv1-008,,,,
009_folded_umbrella.png,우산,접힌 우산,보통,"제한축 기준 목표 742px (약 72.5%, 허용 70–75%)",우산천을 길고 가늘게 접어 끈으로 묶은 우산 한 개. 끝부분과 굽은 손잡이가 모두 보임.,"빨간색, 분홍색, 짙은 갈색",측면 3/4 시점,CSV 1,009,csv1-009,,,,
010_open_laptop.png,노트북,열림,작음,"제한축 기준 목표 384px (약 37.5%, 허용 35–40%)","화면이 열린 노트북 한 대. 검은 화면, 얇은 화면 테두리, 단순한 키보드와 트랙패드가 보임.","회색, 검정색, 하늘색 포인트",살짝 위에서 바라본 정면 3/4 시점,CSV 1,010,csv1-010,,,,
011_closed_laptop.png,노트북,닫힘,작음,"제한축 기준 목표 384px (약 37.5%, 허용 35–40%)",덮개를 완전히 닫은 얇은 노트북 한 대. 둥근 모서리의 직사각형 덮개와 얇은 본체가 구분됨.,"회색, 검정색, 하늘색 포인트",살짝 위에서 바라본 3/4 시점,CSV 1,011,csv1-011,,,,
012_leaf.png,나뭇잎,일반 나뭇잎,아주작음,"제한축 기준 목표 205px (약 20%, 허용 18–22%)","끝이 살짝 뾰족한 타원형 나뭇잎 한 장. 가운데 잎맥과 몇 개의 단순한 곁잎맥, 짧은 잎자루가 있음.","밝은 초록색, 짙은 초록색",정면,CSV 1,012,csv1-012,,,,
013_maple_leaf.png,나뭇잎,단풍잎,아주작음,"제한축 기준 목표 205px (약 20%, 허용 18–22%)",다섯 갈래가 또렷하게 펼쳐진 단풍잎 한 장. 짧은 잎자루와 최소한의 잎맥이 보임.,"주황색, 빨간색, 노란색 포인트",정면,CSV 1,013,csv1-013,,,,
014_sausage.png,소세지,일반,아주작음,"제한축 기준 목표 205px (약 20%, 허용 18–22%)",양쪽 끝이 둥근 통통한 소세지 한 개. 표면에 짧은 사선 칼집 두세 개만 있음.,"붉은 갈색, 주황색",측면 3/4 시점,CSV 1,014,csv1-014,,,,
015_octopus_sausage.png,소세지,문어 모양,아주작음,"제한축 기준 목표 205px (약 20%, 허용 18–22%)",도시락용 소세지 한 개의 아래쪽을 여러 갈래로 잘라 문어 다리처럼 벌린 형태. 위쪽에는 단순하고 귀여운 얼굴이 있음.,"붉은 갈색, 주황색",정면 3/4 시점,CSV 1,015,csv1-015,,,,
016_highball_cocktail.png,칵테일,일반 컵 형태,작음,"제한축 기준 목표 384px (약 37.5%, 허용 35–40%)",곧은 옆면의 일반적인 긴 유리컵 한 개에 칵테일과 얼음이 담긴 모습. 짧은 빨대와 작은 과일 장식이 컵에 포함됨.,"청록색, 노란색, 주황색 포인트",정면 3/4 시점,CSV 1,016,csv1-016,,,,
017_martini_cocktail.png,칵테일,삼각형 잔,작음,"제한축 기준 목표 384px (약 37.5%, 허용 35–40%)","넓은 삼각형 볼과 가느다란 줄기, 둥근 받침으로 이루어진 칵테일 잔 한 개. 음료와 작은 과일 장식 하나가 담겨 있음.","연두색, 노란색, 빨간색 포인트",정면 3/4 시점,CSV 1,017,csv1-017,,,,
018_pizza_box.png,피자,피자 박스 형태,아주큼,"제한축 기준 실제 969px (약 94.6%, 허용 92–97%)",뚜껑이 활짝 열린 정사각형 피자 상자 한 개 안에 치즈와 토마토 토핑이 올라간 둥근 피자 한 판이 보이는 모습. 상자와 피자는 하나의 결합된 물건으로 표현됨.,"베이지색, 빨간색, 노란색, 초록색 포인트",살짝 위에서 바라본 3/4 시점,CSV 1,018,csv1-018,,,,
019_pizza_slice.png,피자,삼각형 모양,작음,"제한축 기준 목표 384px (약 37.5%, 허용 35–40%)","치즈와 토마토소스, 작은 토핑이 올라간 삼각형 피자 조각 한 개. 뒤쪽의 빵 테두리와 늘어지지 않은 치즈가 명확히 보임.","노란색, 빨간색, 베이지색, 초록색 포인트",살짝 위에서 바라본 3/4 시점,CSV 1,019,csv1-019,,,,
020_tumbler.png,텀블러,일반,작음,"제한축 기준 목표 384px (약 37.5%, 허용 35–40%)",뚜껑이 있는 길쭉한 원통형 텀블러 한 개. 몸통은 단순하고 매끈하며 작은 마개 부분만 표시됨.,"청록색, 짙은 초록색, 회색 포인트",정면 3/4 시점,CSV 1,020,csv1-020,,,,
021_french_fries.png,감자튀김,일반,작음,"제한축 기준 목표 384px (약 37.5%, 허용 35–40%)",윗부분이 열린 작은 종이 용기 한 개에 여러 개의 굵은 감자튀김이 꽂혀 있는 모습. 용기와 감자튀김은 하나의 음식 아이콘으로 표현됨.,"노란색, 빨간색",정면 3/4 시점,CSV 1,021,csv1-021,,,,
022_triangle_gimbap.png,삼각김밥,일반,아주작음,"제한축 기준 목표 205px (약 20%, 허용 18–22%)",삼각형 밥을 검은 김이 감싸고 있는 삼각김밥 한 개. 포장지나 상표 글자는 없고 밥과 김의 경계가 단순하게 보임.,"흰색, 검정색, 연두색 포인트",정면 3/4 시점,CSV 1,022,csv1-022,,,,
023_tiger_swallowtail.png,호랑나비,일반,아주작음,"제한축 기준 목표 205px (약 20%, 허용 18–22%)","좌우 날개를 활짝 편 호랑나비 한 마리. 노란 날개에 굵은 검은 줄무늬, 뒷날개의 작은 꼬리 돌기가 명확히 보임.","노란색, 검정색, 파란색과 빨간색 포인트",정면,CSV 1,023,csv1-023,,,,
024_alarm_clock.png,알람시계,일반,작음,"제한축 기준 목표 384px (약 37.5%, 허용 35–40%)",둥근 시계 몸통 위에 종 두 개가 달린 클래식 알람시계 한 개. 짧은 두 다리와 단순한 시곗바늘이 있음.,"하늘색, 노란색, 흰색, 검정색",정면 3/4 시점,CSV 1,024,csv1-024,,,,
025_christmas_tree.png,크리스마스 트리,일반,큼,"제한축 기준 목표 824px (약 80.5%, 허용 78–83%)","세 단 정도의 삼각형 가지가 겹쳐진 작은 크리스마스 트리 한 그루. 꼭대기 별 하나와 둥근 장식 몇 개, 짧은 나무줄기가 있음.","초록색, 노란색, 빨간색, 파란색 포인트",정면,CSV 1,025,csv1-025,,,,
026_sunglasses.png,선글라스,일반,작음,"제한축 기준 목표 384px (약 37.5%, 허용 35–40%)","둥근 모서리의 검은 렌즈 두 개와 코받침, 양쪽 안경다리로 이루어진 선글라스 한 개.","검정색, 짙은 회색, 갈색 포인트",정면 3/4 시점,CSV 1,026,csv1-026,,,,
027_cricket.png,귀뚜라미,일반,아주작음,"제한축 기준 목표 205px (약 20%, 허용 18–22%)","굽은 긴 뒷다리, 짧은 앞다리, 긴 더듬이 두 개가 있는 귀뚜라미 한 마리. 몸의 마디는 최소한으로 단순화함.","연두색, 짙은 초록색, 갈색 포인트",측면 3/4 시점,CSV 1,027,csv1-027,,,,
028_beer.png,맥주,일반,작음,"제한축 기준 목표 384px (약 37.5%, 허용 35–40%)",손잡이가 달린 투명한 맥주잔 한 개에 황금색 맥주가 담기고 위에 흰 거품이 풍성하게 올라온 모습.,"황금색, 노란색, 흰색, 검정색 외곽선",정면 3/4 시점,CSV 1,028,csv1-028,,,,
029_americano.png,아메리카노,일반,작음,"제한축 기준 목표 384px (약 37.5%, 허용 35–40%)",손잡이가 달린 둥근 커피잔 한 개에 짙은 아메리카노가 담긴 모습. 잔 위로 가는 김 두 줄이 올라옴.,"흰색, 짙은 갈색, 베이지색 포인트",살짝 위에서 바라본 3/4 시점,CSV 1,029,csv1-029,,,,
001_bicycle.png,자전거,일반,큼,"제한축 기준 목표 824px (약 80.5%, 허용 78–83%)","둥근 바퀴 두 개와 단순한 삼각형 프레임, 안장, 페달, 굽은 손잡이가 있는 자전거 한 대. 체인과 기어는 최소한의 선으로만 표현함.","하늘색, 노란색, 검정색, 회색 포인트",측면,CSV 2,001,csv2-001,,,,
002_refrigerator.png,냉장고,일반,큼,"제한축 기준 목표 824px (약 80.5%, 허용 78–83%)",위아래 문이 나뉜 둥근 모서리의 가정용 냉장고 한 대. 각 문에 짧고 굵은 손잡이가 있으며 문은 모두 닫혀 있음.,"연한 민트색, 흰색, 회색 포인트",정면 3/4 시점,CSV 2,002,csv2-002,,,,
003_washing_machine.png,세탁기,드럼형,보통,"제한축 기준 목표 742px (약 72.5%, 허용 70–75%)",앞면에 크고 둥근 투명 문이 있는 드럼 세탁기 한 대. 상단에는 단순한 원형 다이얼과 작은 버튼 두세 개만 있음.,"흰색, 하늘색, 회색, 검정색 포인트",정면 3/4 시점,CSV 2,003,csv2-003,,,,
004_microwave.png,전자레인지,일반,보통,"제한축 기준 목표 742px (약 72.5%, 허용 70–75%)",둥근 모서리의 직사각형 전자레인지 한 대. 앞면의 어두운 유리문과 한쪽의 원형 조절 다이얼 두 개가 명확하게 구분됨.,"연한 노란색, 짙은 회색, 흰색 포인트",정면 3/4 시점,CSV 2,004,csv2-004,,,,
005_electric_kettle.png,전기주전자,일반,작음,"제한축 기준 목표 384px (약 37.5%, 허용 35–40%)","통통한 몸통에 뾰족한 주둥이와 굽은 손잡이, 닫힌 뚜껑이 있는 전기주전자 한 개. 전원 받침은 몸통 아래에 붙어 있음.","빨간색, 분홍색, 회색, 검정색 포인트",측면 3/4 시점,CSV 2,005,csv2-005,,,,
007_rubber_gloves.png,고무장갑,한 쌍,작음,"제한축 기준 목표 384px (약 37.5%, 허용 35–40%)",손가락 다섯 개와 긴 손목 부분이 분명한 고무장갑 한 쌍. 두 장갑이 자연스럽게 살짝 겹쳐져 하나의 짝으로 보임.,"밝은 노란색, 주황색 포인트",정면,CSV 2,007,csv2-007,,,,
008_shampoo_bottle.png,샴푸통,펌프형,작음,"제한축 기준 목표 384px (약 37.5%, 허용 35–40%)",둥근 어깨의 길쭉한 샴푸 용기 한 개. 위에는 눌러 쓰는 짧은 펌프가 있고 몸통에는 글자나 상표 없이 작은 물방울 모양만 있음.,"연한 보라색, 분홍색, 흰색 포인트",정면 3/4 시점,CSV 2,008,csv2-008,,,,
009_school_backpack.png,책가방,일반,보통,"제한축 기준 목표 742px (약 72.5%, 허용 70–75%)","둥근 모서리의 네모난 책가방 한 개. 큰 앞주머니와 지퍼선, 위쪽 손잡이, 양옆으로 살짝 보이는 어깨끈이 있음.","남색, 하늘색, 노란색 포인트",정면 3/4 시점,CSV 2,009,csv2-009,,,,
010_sneakers.png,운동화,한 켤레,작음,"제한축 기준 목표 384px (약 37.5%, 허용 35–40%)","둥근 앞코와 두꺼운 밑창, 단순한 신발끈이 있는 운동화 한 켤레. 두 짝이 같은 방향으로 자연스럽게 나란히 놓여 있음.","흰색, 하늘색, 빨간색, 회색 포인트",측면 3/4 시점,CSV 2,010,csv2-010,,,,
011_wool_hat.png,털모자,방울 달린 형태,작음,"제한축 기준 목표 384px (약 37.5%, 허용 35–40%)","접힌 챙과 둥근 머리 부분, 꼭대기의 복슬한 방울 하나가 있는 겨울 털모자 한 개. 짜임은 짧은 세로선 몇 개로만 표현함.","분홍색, 자주색, 흰색 포인트",정면 3/4 시점,CSV 2,011,csv2-011,,,,
012_scarf.png,목도리,일반,보통,"제한축 기준 목표 742px (약 72.5%, 허용 70–75%)",폭이 넓고 부드럽게 한 번 접힌 목도리 한 개. 양쪽 끝에는 짧은 술이 여러 개 달려 있으며 전체 형태가 명확히 보임.,"주황색, 노란색, 빨간색 포인트",살짝 위에서 바라본 정면,CSV 2,012,csv2-012,,,,
013_flashlight.png,손전등,일반,작음,"제한축 기준 목표 384px (약 37.5%, 허용 35–40%)",앞부분이 넓고 손잡이 쪽으로 좁아지는 원통형 손전등 한 개. 앞의 둥근 렌즈와 몸통의 큰 전원 버튼 하나가 보임.,"노란색, 주황색, 짙은 회색, 하늘색 포인트",측면 3/4 시점,CSV 2,013,csv2-013,,,,
014_binoculars.png,쌍안경,일반,작음,"제한축 기준 목표 384px (약 37.5%, 허용 35–40%)",같은 크기의 원통 두 개가 가운데 연결부로 붙은 쌍안경 한 개. 앞쪽의 둥근 렌즈 두 개와 중앙 초점 조절부가 있음.,"짙은 초록색, 검정색, 하늘색 포인트",정면 3/4 시점,CSV 2,014,csv2-014,,,,
015_watering_can.png,물뿌리개,일반,보통,"제한축 기준 목표 742px (약 72.5%, 허용 70–75%)",둥근 물통 몸체에 위쪽의 큰 손잡이와 옆으로 길게 나온 주둥이가 있는 물뿌리개 한 개. 주둥이 끝에는 둥근 물뿌리개 헤드가 있음.,"밝은 초록색, 짙은 초록색, 노란색 포인트",측면 3/4 시점,CSV 2,015,csv2-015,,,,
016_toy_train.png,장난감기차,증기기관차형,작음,"제한축 기준 목표 384px (약 37.5%, 허용 35–40%)","짧고 통통한 증기기관차 모양의 장난감 기차 한 대. 큰 바퀴 세 개, 짧은 굴뚝, 둥근 지붕이 있으며 객차는 없음.","빨간색, 파란색, 노란색, 검정색 포인트",측면 3/4 시점,CSV 2,016,csv2-016,,,,
017_dinosaur_toy.png,공룡인형,티라노사우루스형,작음,"제한축 기준 목표 384px (약 37.5%, 허용 35–40%)","큰 머리와 짧은 앞다리, 굵은 뒷다리, 긴 꼬리를 가진 티라노사우루스 모양의 봉제인형 한 개. 천 조각의 이음선만 짧게 표현함.","연두색, 짙은 초록색, 노란색 포인트",측면 3/4 시점,CSV 2,017,csv2-017,,,,
018_soccer_ball.png,축구공,일반,작음,"제한축 기준 목표 384px (약 37.5%, 허용 35–40%)",둥근 공 표면에 검은 오각형과 흰색 면이 단순하게 이어진 축구공 한 개. 무늬는 알아보기 쉬울 정도로만 간결하게 표현함.,"흰색, 검정색",정면,CSV 2,018,csv2-018,,,,
019_badminton_racket.png,배드민턴채,일반,보통,"제한축 기준 목표 742px (약 72.5%, 허용 70–75%)","타원형 테두리와 성긴 격자 줄, 길고 가는 자루, 둥근 손잡이가 있는 배드민턴 라켓 한 개.","하늘색, 흰색, 짙은 갈색 포인트",정면 3/4 시점,CSV 2,019,csv2-019,,,,
020_roller_skates.png,롤러스케이트,한 켤레,작음,"제한축 기준 목표 384px (약 37.5%, 허용 35–40%)",발목까지 오는 신발 아래에 작은 바퀴 네 개가 달린 롤러스케이트 한 켤레. 두 짝이 살짝 어긋나게 나란히 놓여 있음.,"분홍색, 하늘색, 노란색, 흰색 포인트",측면 3/4 시점,CSV 2,020,csv2-020,,,,
021_sunflower.png,해바라기,일반,큼,"제한축 기준 목표 824px (약 80.5%, 허용 78–83%)",크고 둥근 갈색 꽃 중심을 노란 꽃잎 여러 장이 둘러싼 해바라기 한 송이. 곧은 줄기와 넓은 잎 두 장이 있음.,"노란색, 갈색, 밝은 초록색, 짙은 초록색",정면,CSV 2,021,csv2-021,,,,
022_cactus.png,선인장,화분형,작음,"제한축 기준 목표 384px (약 37.5%, 허용 35–40%)",둥근 작은 화분에 심긴 통통한 기둥 모양 선인장 한 개. 양옆으로 짧은 가지가 하나씩 나오고 가시는 짧은 선 몇 개로만 표현함.,"밝은 초록색, 짙은 초록색, 주황색, 베이지색",정면 3/4 시점,CSV 2,022,csv2-022,,,,
023_pine_tree.png,소나무,일반,아주큼,"제한축 기준 목표 942px (약 92%, 허용 90–94%)",짧고 굵은 갈색 줄기 위로 둥글고 층이 진 초록색 솔잎 덩어리가 펼쳐진 소나무 한 그루. 가지 구조는 단순하게 표현함.,"짙은 초록색, 밝은 초록색, 갈색",정면,CSV 2,023,csv2-023,,,,
024_ladybug.png,무당벌레,일반,아주작음,"제한축 기준 목표 205px (약 20%, 허용 18–22%)",둥근 빨간 등껍질에 검은 점이 여러 개 있고 작은 검은 머리와 짧은 더듬이 두 개가 있는 무당벌레 한 마리.,"빨간색, 검정색, 흰색 포인트",살짝 위에서 바라본 정면,CSV 2,024,csv2-024,,,,
025_squirrel.png,다람쥐,일반,작음,"제한축 기준 목표 384px (약 37.5%, 허용 35–40%)","작은 몸과 둥근 귀, 짧은 앞발, 몸 뒤로 크게 말려 올라간 풍성한 꼬리를 가진 다람쥐 한 마리. 얼굴은 실제 특징을 단순화해 표현함.","주황색, 갈색, 베이지색, 검정색 포인트",측면 3/4 시점,CSV 2,025,csv2-025,,,,
026_ice_cream_cone.png,아이스크림,콘 형태,작음,"제한축 기준 목표 384px (약 37.5%, 허용 35–40%)",와플 무늬가 단순하게 그려진 원뿔형 콘 위에 둥근 아이스크림 두 덩이가 올라간 아이스크림 한 개. 녹아내리는 표현은 없음.,"분홍색, 연한 노란색, 베이지색, 갈색 포인트",정면 3/4 시점,CSV 2,026,csv2-026,,,,
027_fish_bread.png,붕어빵,일반,아주작음,"제한축 기준 목표 205px (약 20%, 허용 18–22%)","물고기 모양의 통통한 붕어빵 한 개. 둥근 눈 하나와 비늘, 지느러미 무늬가 얕은 선으로 단순하게 새겨져 있음.","황금색, 주황색, 갈색 포인트",측면 3/4 시점,CSV 2,027,csv2-027,,,,
028_chocolate_donut.png,초코도넛,초콜릿 코팅,아주작음,"제한축 기준 목표 205px (약 20%, 허용 18–22%)",가운데 구멍이 뚫린 둥근 도넛 한 개. 윗면에는 두꺼운 초콜릿 코팅이 불규칙하게 덮여 있고 작은 색깔 토핑 몇 개만 있음.,"짙은 갈색, 베이지색, 분홍색과 노란색 포인트",살짝 위에서 바라본 3/4 시점,CSV 2,028,csv2-028,,,,
029_strawberry_milk.png,딸기우유,우유갑 형태,작음,"제한축 기준 목표 384px (약 37.5%, 허용 35–40%)",윗부분이 접힌 작은 종이 우유갑 한 개. 글자나 상표 없이 앞면에 단순한 딸기 그림 하나만 있고 빨대는 없음.,"분홍색, 흰색, 빨간색, 초록색 포인트",정면 3/4 시점,CSV 2,029,csv2-029,,,,
001_smartphone.png,전화기,스마트폰형,작음,"제한축 기준 목표 384px (약 37.5%, 허용 35–40%)",둥근 모서리의 얇은 직사각형 스마트폰 한 대. 앞면에는 검은 화면과 위쪽의 작은 스피커 구멍만 있고 글자나 앱 아이콘은 없음.,"하늘색, 짙은 회색, 검정색, 흰색 포인트",정면 3/4 시점,CSV 3,001,csv3-001,,,,
002_desk_phone.png,전화기,버튼형 유선전화,작음,"제한축 기준 목표 384px (약 37.5%, 허용 35–40%)",숫자 글자 없이 둥근 버튼들이 배열된 가정용 유선전화 한 대. 본체 위에 굽은 수화기가 놓이고 짧게 말린 전화선이 연결되어 있음.,"연한 노란색, 주황색, 짙은 회색 포인트",정면 3/4 시점,CSV 3,002,csv3-002,,,,
004_digital_camera.png,카메라,디지털카메라,작음,"제한축 기준 목표 384px (약 37.5%, 허용 35–40%)","손에 들기 좋은 작은 직사각형 디지털카메라 한 대. 앞면의 돌출된 둥근 렌즈와 위쪽 셔터 버튼, 짧은 손목끈이 있음.","분홍색, 짙은 회색, 검정색, 하늘색 포인트",정면 3/4 시점,CSV 3,004,csv3-004,,,,
005_vertical_traffic_light.png,신호등,세로형,큼,"제한축 기준 목표 824px (약 80.5%, 허용 78–83%)","둥근 모서리의 세로형 신호등 한 개. 원형 불 세 개가 위에서부터 빨강, 노랑, 초록 순서로 놓이고 짧은 기둥이 아래에 붙어 있음.","검정색, 빨간색, 노란색, 초록색",정면,CSV 3,005,csv3-005,,,,
007_wired_headphones.png,헤드폰,유선형,작음,"제한축 기준 목표 384px (약 37.5%, 허용 35–40%)",머리 위를 감싸는 둥근 밴드와 양쪽의 푹신한 귀 덮개가 있는 헤드폰 한 개. 한쪽 귀 덮개 아래에서 긴 검은 선과 작은 플러그가 이어짐.,"빨간색, 분홍색, 검정색, 회색 포인트",정면 3/4 시점,CSV 3,007,csv3-007,,,,
010_mesh_trash_bin.png,휴지통,망사형,보통,"제한축 기준 목표 742px (약 72.5%, 허용 70–75%)",윗부분이 열린 원통형 철망 휴지통 한 개. 몸통 전체에 성긴 마름모 구멍 무늬가 있고 안은 비어 있음.,"짙은 회색, 검정색, 하늘색 포인트",살짝 위에서 바라본 3/4 시점,CSV 3,010,csv3-010,,,,
011_tv_remote.png,리모컨,텔레비전용,작음,"제한축 기준 목표 384px (약 37.5%, 허용 35–40%)","길쭉하고 둥근 직사각형 텔레비전 리모컨 한 개. 위쪽의 둥근 전원 버튼과 가운데의 큰 방향 버튼, 아래쪽의 작은 버튼들이 글자 없이 배치됨.","검정색, 짙은 회색, 빨간색, 하늘색 포인트",살짝 위에서 바라본 정면,CSV 3,011,csv3-011,,,,
014_compact_keyboard.png,키보드,미니 무선형,작음,"제한축 기준 목표 384px (약 37.5%, 허용 35–40%)",숫자판 없이 폭이 짧고 얇은 무선 키보드 한 개. 둥근 사각형 키들이 촘촘히 놓이고 선이나 글자는 없음.,"연한 분홍색, 흰색, 짙은 회색 포인트",살짝 위에서 바라본 3/4 시점,CSV 3,014,csv3-014,,,,
016_desktop_speaker.png,스피커,탁상용 상자형,보통,"제한축 기준 목표 742px (약 72.5%, 허용 70–75%)",둥근 모서리의 세로형 탁상 스피커 한 개. 앞면에 큰 원형 우퍼와 작은 원형 소리판이 위아래로 놓이고 아래에 조절 손잡이 하나가 있음.,"짙은 초록색, 검정색, 하늘색 포인트",정면 3/4 시점,CSV 3,016,csv3-016,,,,
017_upright_vacuum.png,청소기,스틱형,큼,"제한축 기준 목표 824px (약 80.5%, 허용 78–83%)",길고 곧은 손잡이 아래에 작은 먼지통과 넓적한 바닥 흡입구가 연결된 스틱 청소기 한 대. 전선은 없음.,"보라색, 분홍색, 짙은 회색, 하늘색 포인트",측면 3/4 시점,CSV 3,017,csv3-017,,,,
018_robot_vacuum.png,청소기,로봇형,보통,"제한축 기준 목표 742px (약 72.5%, 허용 70–75%)",낮고 둥근 원반 모양의 로봇청소기 한 대. 윗면에 작은 원형 센서와 버튼 하나가 있고 옆면 아래로 짧은 솔이 조금 보임.,"흰색, 하늘색, 짙은 회색, 검정색 포인트",살짝 위에서 바라본 3/4 시점,CSV 3,018,csv3-018,,,,
019_tissue_box.png,화장지,각티슈형,작음,"제한축 기준 목표 384px (약 37.5%, 허용 35–40%)",둥근 모서리의 직사각형 티슈 상자 한 개. 윗면의 타원형 구멍에서 부드러운 화장지 한 장이 위로 뽑혀 나온 모습이며 상표나 글자는 없음.,"연한 노란색, 흰색, 주황색 포인트",정면 3/4 시점,CSV 3,019,csv3-019,,,,
020_toilet_paper_roll.png,화장지,두루마리형,아주작음,"제한축 기준 목표 205px (약 20%, 허용 18–22%)",가운데 둥근 심이 보이는 두루마리 화장지 한 개. 바깥쪽 종이 끝이 짧게 풀려 바닥 방향으로 부드럽게 내려옴.,"흰색, 연한 하늘색, 회색 포인트",정면 3/4 시점,CSV 3,020,csv3-020,,,,
021_handheld_sharpener.png,연필깎이,휴대용,아주작음,"제한축 기준 목표 205px (약 20%, 허용 18–22%)",손가락으로 잡는 작은 쐐기 모양 연필깎이 한 개. 앞쪽에 둥근 연필 구멍 하나와 위쪽의 짧은 칼날 모양만 단순하게 보임.,"빨간색, 노란색, 은회색, 검정색 포인트",살짝 위에서 바라본 3/4 시점,CSV 3,021,csv3-021,,,,
022_crank_sharpener.png,연필깎이,손잡이형,작음,"제한축 기준 목표 384px (약 37.5%, 허용 35–40%)",책상 위에 놓는 둥근 사각형 연필깎이 한 개. 앞면에 연필을 넣는 둥근 구멍이 있고 옆면에는 돌리는 짧은 손잡이가 달려 있음.,"하늘색, 짙은 파란색, 회색, 노란색 포인트",정면 3/4 시점,CSV 3,022,csv3-022,,,,
023_gooseneck_desk_lamp.png,탁상조명,목이 휘는 형태,보통,"제한축 기준 목표 742px (약 72.5%, 허용 70–75%)",작고 둥근 받침에서 가느다란 목이 부드럽게 휘어 올라간 탁상조명 한 개. 끝에는 아래를 향한 작은 원뿔형 전등갓이 있음.,"연두색, 짙은 초록색, 노란색 포인트",측면 3/4 시점,CSV 3,023,csv3-023,,,,
024_shade_desk_lamp.png,탁상조명,갓 달린 형태,보통,"제한축 기준 목표 742px (약 72.5%, 허용 70–75%)",둥근 받침과 곧은 짧은 기둥 위에 넓은 사다리꼴 천 갓이 씌워진 탁상조명 한 개. 갓 아래로 전구의 노란빛 부분이 조금 보임.,"분홍색, 베이지색, 노란색, 갈색 포인트",정면 3/4 시점,CSV 3,024,csv3-024,,,,
025_fire_extinguisher.png,소화기,일반,보통,"제한축 기준 목표 742px (약 72.5%, 허용 70–75%)",둥근 원통형 몸통 위에 검은 손잡이와 압력계가 달린 소화기 한 개. 옆에는 짧은 검은 호스가 몸통을 따라 내려오며 글자나 표시는 없음.,"빨간색, 검정색, 노란색, 회색 포인트",정면 3/4 시점,CSV 3,025,csv3-025,,,,
026_first_aid_kit.png,구급상자,손잡이형,작음,"제한축 기준 목표 384px (약 37.5%, 허용 35–40%)",둥근 모서리의 직사각형 구급상자 한 개. 위쪽에 짧은 손잡이가 있고 앞면에는 글자 없이 단순한 흰색 십자 모양만 있음.,"빨간색, 흰색, 짙은 회색 포인트",정면 3/4 시점,CSV 3,026,csv3-026,,,,
027_wristwatch.png,손목시계,일반,아주작음,"제한축 기준 목표 205px (약 20%, 허용 18–22%)",둥근 시계판과 위아래로 이어진 부드러운 손목띠가 있는 손목시계 한 개. 시계판에는 숫자 없이 짧은 시곗바늘 두 개만 있음.,"하늘색, 남색, 흰색, 노란색 포인트",정면 3/4 시점,CSV 3,027,csv3-027,,,,
028_laundry_basket.png,빨래바구니,손잡이형,보통,"제한축 기준 목표 742px (약 72.5%, 허용 70–75%)",윗부분이 넓게 열린 타원형 빨래바구니 한 개. 양옆에 손잡이 구멍이 있고 몸통에는 큼직한 타원형 통풍 구멍이 여러 개 있음.,"연한 민트색, 짙은 초록색, 흰색 포인트",살짝 위에서 바라본 3/4 시점,CSV 3,028,csv3-028,,,,
029_clothes_hanger.png,옷걸이,일반,보통,"제한축 기준 목표 742px (약 72.5%, 허용 70–75%)",양쪽 어깨가 완만하게 내려가는 삼각형 옷걸이 한 개. 꼭대기에 굽은 금속 고리가 있고 아래에는 바지를 걸 수 있는 가로 막대가 있음.,"주황색, 갈색, 회색 포인트",정면,CSV 3,029,csv3-029,,,,
001_sunflower_seed.png,씨앗,해바라기 씨앗,아주작음,"제한축 기준 목표 205px (약 20%, 허용 18–22%)",통통한 물방울 모양의 해바라기 씨앗 한 알. 검은 껍질 위에 세로로 흐르는 크림색 줄무늬 두세 개가 있어 이후 해바라기로 자라는 씨앗임을 알아보기 쉬움.,"검정색, 짙은 갈색, 크림색",정면 3/4 시점,CSV 5 merged combo,001,csv5-001,R001,씨앗 + 물뿌리개 = 해바라기,재료A,직관형
002_iron.png,다리미,일반,작음,"제한축 기준 목표 384px (약 37.5%, 허용 35–40%)",둥근 손잡이와 앞쪽이 뾰족한 삼각형 밑판이 있는 작은 전기다리미 한 개. 밑판 가장자리에 따뜻한 주황색 열 표시 영역을 넣어 같은 모양의 눌린 자국이 구멍 난 셔츠에 이어지도록 함. 전선과 글자는 없음.,"빨간색, 주황색, 연한 회색, 검정색 포인트",측면 3/4 시점,CSV 5 merged combo,002,csv5-002,R002,다리미 + 셔츠 = 구멍 난 셔츠,재료A,직관형
003_blue_shirt.png,셔츠,일반,보통,"제한축 기준 목표 742px (약 72.5%, 허용 70–75%)","짧은 소매와 접힌 칼라, 앞면의 둥근 단추 세 개가 있는 단정한 반소매 셔츠 한 벌. 구멍 난 셔츠와 동일한 하늘색 몸판, 남색 칼라, 노란 단추 디자인이며 얼룩이나 손상은 없음.","하늘색, 남색, 노란색, 흰색 포인트",정면,CSV 5 merged combo,003,csv5-003,R002,다리미 + 셔츠 = 구멍 난 셔츠,재료B,직관형
004_burnt_hole_shirt.png,구멍 난 셔츠,다리미로 탄 형태,보통,"제한축 기준 목표 742px (약 72.5%, 허용 70–75%)","일반 셔츠와 완전히 같은 짧은 소매, 접힌 칼라, 노란 단추의 하늘색 셔츠 한 벌. 몸판 한쪽에 다리미 앞부분과 닮은 둥근 삼각형 모양의 갈색 탄 자국과 중앙의 검은 구멍 하나가 명확히 보이고 가장자리는 살짝 그을려 있음.","하늘색, 남색, 노란색, 짙은 갈색, 검정색",정면,CSV 5 merged combo,004,csv5-004,R002,다리미 + 셔츠 = 구멍 난 셔츠,결과,직관형
005_egg.png,계란,일반,아주작음,"제한축 기준 목표 205px (약 20%, 허용 18–22%)",매끈하고 통통한 타원형 계란 한 알. 껍데기는 따뜻한 크림색이고 아래쪽에 작은 노란색 타원 포인트가 있어 계란 프라이의 노른자 색과 자연스럽게 이어짐. 금이나 얼굴은 없음.,"크림색, 연한 베이지색, 노란색 포인트",정면 3/4 시점,CSV 5 merged combo,005,csv5-005,R003,계란 + 프라이팬 = 계란 프라이,재료A,직관형
006_frying_pan.png,프라이팬,일반,보통,"제한축 기준 목표 742px (약 72.5%, 허용 70–75%)",낮고 둥근 검은 팬 몸체와 오른쪽으로 길게 뻗은 빨간 손잡이로 이루어진 프라이팬 한 개. 팬 안쪽은 비어 있으며 계란 프라이 결과 이미지와 같은 각도와 동일한 팬 디자인을 사용함.,"짙은 회색, 검정색, 빨간색 포인트",살짝 위에서 바라본 3/4 시점,CSV 5 merged combo,006,csv5-006,R003,계란 + 프라이팬 = 계란 프라이,재료B,직관형
007_fried_egg_in_pan.png,계란 프라이,프라이팬에 익힌 형태,보통,"제한축 기준 목표 742px (약 72.5%, 허용 70–75%)",프라이팬 재료와 동일한 낮고 둥근 검은 팬 안에 계란 한 알이 프라이되어 있는 하나의 통합된 음식 장면. 흰자는 둥글고 부드럽게 퍼지고 중앙에는 계란 재료의 노란색 포인트와 같은 통통한 노른자 하나가 있음.,"짙은 회색, 검정색, 빨간색, 흰색, 노란색",살짝 위에서 바라본 3/4 시점,CSV 5 merged combo,007,csv5-007,R003,계란 + 프라이팬 = 계란 프라이,결과,직관형
008_milk_carton.png,우유,흰 우유팩,작음,"제한축 기준 목표 384px (약 37.5%, 허용 35–40%)",윗부분이 접힌 작은 종이 우유팩 한 개. 글자나 상표 없이 앞면에 단순한 흰 우유방울 그림 하나와 작은 연두색 띠만 있어 방귀 냄새 결과 이미지의 색과 연결됨. 빨대는 없음.,"흰색, 하늘색, 연두색, 짙은 파란색 포인트",정면 3/4 시점,CSV 5 merged combo,008,csv5-008,R004,우유 + 책가방 = 방귀 냄새,재료A,비유형
009_fart_smell_cloud.png,방귀 냄새,냄새 구름,작음,"제한축 기준 목표 384px (약 37.5%, 허용 35–40%)",둥근 작은 구름 덩어리들이 한쪽에서 다른 쪽으로 이어지고 끝부분이 두세 가닥의 굽은 냄새 선으로 말려 올라가는 방귀 냄새 한 덩어리. 우유팩의 연두색 띠와 같은 연두색을 중심으로 하되 사물이나 얼굴은 넣지 않음.,"연두색, 연한 노란색, 짙은 초록색 포인트",측면,CSV 5 merged combo,009,csv5-009,R004,우유 + 책가방 = 방귀 냄새,결과,비유형
010_pine_tree_christmas_shape.png,소나무,크리스마스트리형 수형,아주큼,"제한축 기준 목표 942px (약 92%, 허용 90–94%)","짧고 굵은 갈색 줄기 위에 짙은 초록색 솔잎 가지가 세 단의 넓은 삼각형으로 겹쳐진 소나무 한 그루. 전체 실루엣은 크리스마스트리와 같지만 별, 전구, 공 장식, 리본, 눈은 전혀 없는 자연 상태의 소나무임.","짙은 초록색, 밝은 초록색, 갈색",정면,CSV 5 merged combo,010,csv5-010,R005,소나무 + 별 = 크리스마스트리,재료A,상징형
011_gold_star.png,별,트리 꼭대기 별,아주작음,"제한축 기준 목표 205px (약 20%, 허용 18–22%)","끝이 다섯 개인 통통한 별 하나. 크리스마스트리 꼭대기에 올렸을 때 잘 어울리는 단순하고 선명한 형태이며 장식끈, 얼굴, 반짝임 효과는 없음.","밝은 노란색, 주황색 포인트",정면,CSV 5 merged combo,011,csv5-011,R005,소나무 + 별 = 크리스마스트리,재료B,상징형
012_crescent_moon.png,달,초승달,아주큼,"제한축 기준 목표 942px (약 92%, 허용 90–94%)","두툼하고 둥근 초승달 하나. 안쪽 곡선과 바깥쪽 곡선이 부드럽고 햇빛 결과 이미지와 같은 따뜻한 노란색을 사용하되, 밤을 나타내는 작은 남색 안쪽 면으로 구분함. 별이나 얼굴은 없음.","밝은 노란색, 남색, 주황색 포인트",정면,CSV 5 merged combo,012,csv5-012,R006,달 + 알람시계 = 햇빛,재료A,비유형
013_alarm_clock.png,알람시계,클래식 쌍종형,작음,"제한축 기준 목표 384px (약 37.5%, 허용 35–40%)",둥근 시계 몸통 위에 종 두 개가 달린 클래식 알람시계 한 개. 짧은 두 다리와 단순한 시곗바늘이 있으며 시곗바늘은 아침 시간을 연상시키도록 위쪽을 향함. 숫자나 글자는 없고 햇빛과 같은 노란색 시계판을 사용함.,"하늘색, 노란색, 흰색, 검정색",정면 3/4 시점,CSV 5 merged combo,013,csv5-013,R006,달 + 알람시계 = 햇빛,재료B,비유형
014_sunlight.png,햇빛,아침 햇살,아주큼,"제한축 기준 목표 942px (약 92%, 허용 90–94%)","가운데의 따뜻한 노란색 둥근 햇빛 덩어리 주위로 알람시계의 두 종을 닮은 짧고 둥근 아침 햇살 여덟 갈래가 고르게 퍼진 하나의 태양광 상징. 달과 같은 노란색 계열을 사용하며 얼굴, 구름, 풍경은 없음.","밝은 노란색, 주황색, 하늘색 포인트",정면,CSV 5 merged combo,014,csv5-014,R006,달 + 알람시계 = 햇빛,결과,비유형
015_rice_plant.png,벼,이삭 한 포기,큼,"제한축 기준 목표 824px (약 80.5%, 허용 78–83%)",가느다란 초록색 줄기 두세 가닥 끝에 통통한 황금색 쌀알이 한쪽으로 고개 숙여 촘촘히 달린 벼 한 포기. 초밥의 밥알과 같은 크림색 작은 알갱이 몇 개가 이삭 끝에 섞여 있어 결과물과 연결됨.,"황금색, 크림색, 밝은 초록색, 짙은 초록색",측면 3/4 시점,CSV 5 merged combo,015,csv5-015,R007,벼 + 생선 = 초밥,재료A,연상형
016_salmon_fish.png,생선,연어형,큼,"제한축 기준 목표 824px (약 80.5%, 허용 78–83%)","통통한 유선형 몸과 삼각형 꼬리, 작은 지느러미가 있는 연어 한 마리. 몸통에 초밥 위 생선살과 똑같은 분홍빛 주황색과 굽은 크림색 줄무늬 두세 개가 있으며 눈과 입은 사물 식별에 필요한 최소한의 점과 선으로만 표현함.","분홍빛 주황색, 크림색, 짙은 주황색, 검정색 포인트",측면,CSV 5 merged combo,016,csv5-016,R007,벼 + 생선 = 초밥,재료B,연상형
017_salmon_sushi.png,초밥,연어초밥,아주작음,"제한축 기준 목표 205px (약 20%, 허용 18–22%)","둥글고 짧은 흰 밥 뭉치 위에 생선 재료와 동일한 분홍빛 주황색, 크림색 줄무늬의 연어 한 점이 길게 올라간 연어초밥 한 개. 밥알은 벼 이삭의 크림색 알갱이와 같은 둥근 짧은 표시 몇 개로만 단순하게 표현함.","흰색, 크림색, 분홍빛 주황색, 짙은 주황색",측면 3/4 시점,CSV 5 merged combo,017,csv5-017,R007,벼 + 생선 = 초밥,결과,연상형
018_round_hand_mirror.png,거울,둥근 손잡이형,작음,"제한축 기준 목표 384px (약 37.5%, 허용 35–40%)",둥근 거울 면 아래에 짧고 통통한 손잡이가 이어진 손거울 한 개. 거울 면은 미러볼 타일과 같은 하늘색과 연한 회색의 평평한 영역 두세 개로 나누되 실제 사물의 반사나 반짝임 효과는 없음.,"하늘색, 연한 회색, 흰색, 연한 보라색 포인트",정면 3/4 시점,CSV 5 merged combo,018,csv5-018,R008,거울 + 지구본 = 미러볼,재료A,언어유희형
019_globe.png,지구본,탁상형,보통,"제한축 기준 목표 742px (약 72.5%, 허용 70–75%)","둥근 지구 구체가 기울어진 짧은 축과 반원형 지지대, 작은 받침 위에 놓인 탁상용 지구본 한 개. 대륙은 두세 개의 단순한 초록색 덩어리로 표현하고 글자나 국경선은 없음. 구체 크기와 각도는 미러볼 결과와 같게 함.","하늘색, 초록색, 남색, 회색 포인트",정면 3/4 시점,CSV 5 merged combo,019,csv5-019,R008,거울 + 지구본 = 미러볼,재료B,언어유희형
020_mirror_ball.png,미러볼,매달린 구형,큼,"제한축 기준 목표 824px (약 80.5%, 허용 78–83%)","지구본과 같은 둥근 구체 전체가 거울과 같은 하늘색, 연한 회색, 연한 보라색의 굵고 불규칙한 사각 타일로 나뉜 미러볼 한 개. 위에는 짧은 검은 연결 고리 하나만 있으며 광선, 별, 배경 반짝임, 글자는 없음.","하늘색, 연한 회색, 흰색, 연한 보라색, 검정색 포인트",정면 3/4 시점,CSV 5 merged combo,020,csv5-020,R008,거울 + 지구본 = 미러볼,결과,언어유희형
021_window.png,창문,닫힌 유리창,큼,"제한축 기준 목표 824px (약 80.5%, 허용 78–83%)",둥근 모서리의 직사각형 나무 창틀 안에 하늘색 유리 네 칸이 들어간 닫힌 창문 하나. 유리조각 결과와 이어지도록 유리 한쪽에 아주 옅은 대각선 반사선만 넣고 금이나 깨짐은 없음.,"연한 하늘색, 흰색, 따뜻한 갈색, 짙은 파란색 포인트",정면,CSV 5 merged combo,021,csv5-021,R009,창문 + 야구 배트 = 유리조각,재료A,직관형
022_baseball_bat.png,야구 배트,나무 배트,큼,"제한축 기준 목표 824px (약 80.5%, 허용 78–83%)",손잡이가 가늘고 몸통 끝으로 갈수록 통통해지는 둥근 나무 야구 배트 한 자루. 유리조각 결과의 갈색 작은 충돌 흔적과 연결되는 짙은 갈색 끝부분이 있으며 공이나 글자는 없음.,"밝은 갈색, 황토색, 짙은 갈색",측면 대각선,CSV 5 merged combo,022,csv5-022,R009,창문 + 야구 배트 = 유리조각,재료B,직관형
023_glass_shards.png,유리조각,깨진 창유리,작음,"제한축 기준 목표 384px (약 37.5%, 허용 35–40%)",창문 재료와 같은 하늘색 유리가 깨져 생긴 크고 작은 각진 유리조각 다섯 조각이 서로 가까이 모인 하나의 조각 더미. 중앙 조각 한쪽에는 야구 배트 끝과 같은 짙은 갈색의 작은 충돌 자국이 있고 피나 배경은 없음.,"연한 하늘색, 흰색, 짙은 파란색, 짙은 갈색 포인트",살짝 위에서 바라본 정면,CSV 5 merged combo,023,csv5-023,R009,창문 + 야구 배트 = 유리조각,결과,직관형
024_heart.png,하트,붉은 하트,아주작음,"제한축 기준 목표 205px (약 20%, 허용 18–22%)","좌우가 부드럽게 둥글고 아래쪽이 살짝 뾰족한 통통한 하트 하나. 반지 결과의 보석과 동일한 진한 빨간색을 사용하며 얼굴, 광택, 반짝임은 없음.","진한 빨간색, 분홍색 포인트",정면,CSV 5 merged combo,024,csv5-024,R010,하트 + 촛불 = 반지,재료A,비유형
025_candle.png,촛불,짧은 양초,작음,"제한축 기준 목표 384px (약 37.5%, 허용 35–40%)","짧고 통통한 크림색 양초 한 개 위에 작은 주황색 불꽃 하나가 켜진 모습. 녹은 촛농은 반지의 둥근 금속 고리처럼 윗부분을 한 바퀴 감싸며 받침, 글자, 연기는 없음.","크림색, 노란색, 주황색, 빨간색 포인트",정면 3/4 시점,CSV 5 merged combo,025,csv5-025,R010,하트 + 촛불 = 반지,재료B,비유형
026_heart_ring.png,반지,하트 보석 반지,아주작음,"제한축 기준 목표 205px (약 20%, 허용 18–22%)","가느다란 금색 원형 고리 위에 하트 재료와 같은 진한 빨간색의 작은 하트 보석 하나가 놓인 반지 한 개. 촛불의 따뜻한 노란색과 주황색을 금속 고리에 이어 쓰고 손, 상자, 광선은 없음.","금색, 노란색, 주황색, 진한 빨간색",정면 3/4 시점,CSV 5 merged combo,026,csv5-026,R010,하트 + 촛불 = 반지,결과,비유형
027_rabbit.png,토끼,달리기 직전,보통,"제한축 기준 목표 742px (약 72.5%, 허용 70–75%)","긴 귀 두 개와 둥근 몸, 짧은 꼬리가 있는 흰 토끼 한 마리. 앞발을 앞으로, 뒷발을 뒤로 둔 달리기 직전 자세이며 레이싱 깃발 결과와 같은 빨간 목띠 하나만 두름.","흰색, 연한 회색, 분홍색, 빨간색 포인트",측면 3/4 시점,CSV 5 merged combo,027,csv5-027,R011,토끼 + 거북이 = 레이싱 깃발,재료A,비유형
028_turtle.png,거북이,걷는 형태,보통,"제한축 기준 목표 742px (약 72.5%, 허용 70–75%)","둥근 초록색 등딱지와 짧은 네 다리, 작게 내민 머리가 있는 거북이 한 마리. 천천히 앞으로 걷는 자세이며 레이싱 깃발 결과의 검정·흰 체크무늬를 닮은 작은 사각 등딱지 무늬가 있음.","초록색, 연두색, 갈색, 검정색, 흰색 포인트",측면 3/4 시점,CSV 5 merged combo,028,csv5-028,R011,토끼 + 거북이 = 레이싱 깃발,재료B,비유형
029_racing_flag.png,레이싱 깃발,체크무늬 결승 깃발,큼,"제한축 기준 목표 824px (약 80.5%, 허용 78–83%)","짧은 갈색 깃대에 검정색과 흰색의 큼직한 체크무늬 천이 한쪽으로 살짝 휘날리는 레이싱 결승 깃발 하나. 깃대 아래에는 토끼 목띠와 같은 빨간색 손잡이 띠가 있고 글자, 자동차, 배경은 없음.","검정색, 흰색, 갈색, 빨간색 포인트",정면 3/4 시점,CSV 5 merged combo,029,csv5-029,R011,토끼 + 거북이 = 레이싱 깃발,결과,비유형
031_running_shoe.png,운동화,빠른 달리기용,작음,"제한축 기준 목표 384px (약 37.5%, 허용 35–40%)","둥근 앞코와 도톰한 밑창, 두 줄의 신발끈이 있는 빨간 운동화 한 짝. 뒤꿈치에는 번개 재료와 같은 노란색 지그재그 무늬 하나가 있고 날개나 속도선은 없음.","빨간색, 흰색, 밝은 노란색, 남색 포인트",측면 3/4 시점,CSV 5 merged combo,031,csv5-031,R012,번개 + 운동화 = 금메달,재료B,비유형
032_gold_medal.png,금메달,달리기 우승,아주작음,"제한축 기준 목표 205px (약 20%, 허용 18–22%)",둥근 금색 메달 하나에 운동화의 빨간색과 남색을 이어 쓴 굵은 V자 리본이 달린 모습. 메달 중앙에는 글자나 숫자 대신 번개를 닮은 단순한 양각 무늬 하나만 있음.,"금색, 노란색, 빨간색, 남색",정면,CSV 5 merged combo,032,csv5-032,R012,번개 + 운동화 = 금메달,결과,비유형
033_old_key.png,열쇠,보물상자 열쇠,아주작음,"제한축 기준 목표 205px (약 20%, 허용 18–22%)","둥근 고리 손잡이와 짧은 축, 단순한 톱니 두 개가 있는 작은 금색 열쇠 한 개. 보물상자 자물쇠 구멍과 맞는 둥근 끝 형태이며 글자나 장식은 없음.","금색, 노란색, 짙은 갈색 포인트",측면,CSV 5 merged combo,033,csv5-033,R013,열쇠 + 지도 = 보물상자,재료A,비유형
034_treasure_map.png,지도,보물 지도,작음,"제한축 기준 목표 384px (약 37.5%, 허용 35–40%)","가장자리가 살짝 말린 크림색 종이 지도 한 장. 글자나 숫자 없이 굽은 점선 길과 빨간색 X 모양 표시 하나, 파란 물길 한 줄만 단순하게 들어 있음.","크림색, 밝은 갈색, 빨간색, 하늘색",살짝 위에서 바라본 정면,CSV 5 merged combo,034,csv5-034,R013,열쇠 + 지도 = 보물상자,재료B,비유형
035_treasure_chest.png,보물상자,닫힌 모험 상자,큼,"제한축 기준 목표 824px (약 80.5%, 허용 78–83%)",둥근 뚜껑과 굵은 금색 테두리가 있는 갈색 나무 보물상자 하나. 앞면 중앙에 열쇠 재료와 맞는 작은 열쇠구멍이 있고 뚜껑 모서리에는 지도와 같은 빨간 X 표시가 작게 새겨짐. 상자는 닫혀 있고 동전이나 보석은 밖에 없음.,"갈색, 짙은 갈색, 금색, 빨간색 포인트",정면 3/4 시점,CSV 5 merged combo,035,csv5-035,R013,열쇠 + 지도 = 보물상자,결과,비유형
036_padlock.png,자물쇠,작은 일기장 자물쇠,아주작음,"제한축 기준 목표 205px (약 20%, 허용 18–22%)",둥근 은색 고리와 통통한 남색 몸체로 된 작은 자물쇠 하나. 비밀일기 결과와 연결되는 보라색 작은 원형 열쇠구멍이 중앙에 있으며 체인이나 글자는 없음.,"남색, 은색, 연한 보라색, 검정색 포인트",정면 3/4 시점,CSV 5 merged combo,036,csv5-036,R014,자물쇠 + 깃털 = 비밀일기,재료A,비유형
037_quill_feather.png,깃털,필기용 깃펜,작음,"제한축 기준 목표 384px (약 37.5%, 허용 35–40%)","끝이 뾰족하고 한쪽으로 부드럽게 굽은 보라색 깃털 한 개. 가운데 축의 아래쪽은 짧은 펜촉처럼 다듬어져 있고 잉크병, 글자, 흩날리는 작은 깃털은 없음.","연한 보라색, 진한 보라색, 남색 포인트",측면 대각선,CSV 5 merged combo,037,csv5-037,R014,자물쇠 + 깃털 = 비밀일기,재료B,비유형
038_secret_diary.png,비밀일기,잠긴 깃펜 일기장,작음,"제한축 기준 목표 384px (약 37.5%, 허용 35–40%)",둥근 모서리의 보라색 표지 일기장 한 권이 남색 띠와 작은 은색 자물쇠로 잠긴 모습. 표지 중앙에는 글자 대신 깃털 재료의 단순한 실루엣 하나만 있고 페이지나 다른 소품은 없음.,"보라색, 남색, 은색, 크림색",정면 3/4 시점,CSV 5 merged combo,038,csv5-038,R014,자물쇠 + 깃털 = 비밀일기,결과,비유형
039_telescope.png,망원경,천체 관측용,큼,"제한축 기준 목표 824px (약 80.5%, 허용 78–83%)",길고 둥근 남색 관통과 넓은 앞 렌즈가 짧은 삼각대 위에 놓인 천체 망원경 한 대. 우주선 결과와 연결되는 하늘색 렌즈와 빨간색 작은 조절 손잡이가 있으며 글자는 없음.,"남색, 하늘색, 회색, 빨간색 포인트",측면 3/4 시점,CSV 5 merged combo,039,csv5-039,R015,망원경 + 별똥별 = 우주선,재료A,비유형
040_shooting_star.png,별똥별,긴 꼬리 별,아주큼,"제한축 기준 목표 942px (약 92%, 허용 90–94%)","통통한 노란색 별 하나 뒤로 주황색과 하늘색의 굵고 부드러운 꼬리 두 줄이 이어진 별똥별 하나. 우주선 창문과 같은 하늘색을 사용하고 작은 별, 밤하늘, 광선은 없음.","밝은 노란색, 주황색, 하늘색",측면 대각선,CSV 5 merged combo,040,csv5-040,R015,망원경 + 별똥별 = 우주선,재료B,비유형
041_spaceship.png,우주선,탐사 로켓형,아주큼,"제한축 기준 목표 942px (약 92%, 허용 90–94%)","둥근 원뿔형 앞부분과 통통한 원통 몸체, 좌우 짧은 날개가 있는 우주선 한 대. 망원경 렌즈와 같은 하늘색 둥근 창 하나, 별똥별 꼬리와 같은 노란색·주황색 추진부를 사용하며 불꽃이나 우주 배경은 없음.","흰색, 남색, 하늘색, 노란색, 주황색",측면 3/4 시점,CSV 5 merged combo,041,csv5-041,R015,망원경 + 별똥별 = 우주선,결과,비유형
042_camera.png,카메라,여행용 카메라,작음,"제한축 기준 목표 384px (약 37.5%, 허용 35–40%)",둥근 직사각형 몸체 앞면에 큰 원형 렌즈와 작은 셔터 버튼이 있는 여행용 카메라 한 대. 여행앨범 표지와 이어지는 민트색 몸체와 노란색 렌즈 테두리를 사용하며 사진이나 글자는 없음.,"민트색, 짙은 회색, 노란색, 검정색 포인트",정면 3/4 시점,CSV 5 merged combo,042,csv5-042,R016,카메라 + 발자국 = 여행앨범,재료A,비유형
043_footprints.png,발자국,여행 발자국,작음,"제한축 기준 목표 384px (약 37.5%, 허용 35–40%)","왼발과 오른발 모양의 단순한 갈색 신발 자국 네 개가 짧게 굽은 길을 이루며 가까이 모인 하나의 발자국 흔적. 사람이나 바닥, 흙먼지, 속도선은 없음.","따뜻한 갈색, 짙은 갈색, 민트색 포인트",살짝 위에서 바라본 정면,CSV 5 merged combo,043,csv5-043,R016,카메라 + 발자국 = 여행앨범,재료B,비유형
044_travel_album.png,여행앨범,사진 여행 기록,작음,"제한축 기준 목표 384px (약 37.5%, 허용 35–40%)",둥근 모서리의 두꺼운 민트색 사진 앨범 한 권. 표지에는 글자 대신 카메라 렌즈를 닮은 노란 원과 발자국을 닮은 작은 갈색 타원 두 개가 하나의 여행 표식처럼 배치되며 사진이나 별도 소품은 없음.,"민트색, 노란색, 갈색, 크림색",정면 3/4 시점,CSV 5 merged combo,044,csv5-044,R016,카메라 + 발자국 = 여행앨범,결과,비유형
045_round_glasses.png,안경,둥근 공부 안경,작음,"제한축 기준 목표 384px (약 37.5%, 허용 35–40%)","크기가 같은 둥근 렌즈 두 개와 짧은 코받침, 가는 다리가 있는 검은 테 안경 하나. 졸업모자 결과와 연결되는 남색 작은 코받침 포인트가 있고 눈, 얼굴, 반사는 없음.","검정색, 연한 하늘색, 남색 포인트",정면,CSV 5 merged combo,045,csv5-045,R017,안경 + 책 = 졸업모자,재료A,비유형
046_study_book.png,책,두꺼운 공부책,작음,"제한축 기준 목표 384px (약 37.5%, 허용 35–40%)",둥근 모서리의 남색 표지와 두꺼운 크림색 페이지가 보이는 닫힌 책 한 권. 글자 없이 표지 중앙에 졸업모자 술과 연결되는 노란색 짧은 세로선 하나만 있음.,"남색, 크림색, 노란색 포인트",정면 3/4 시점,CSV 5 merged combo,046,csv5-046,R017,안경 + 책 = 졸업모자,재료B,비유형
047_graduation_cap.png,졸업모자,학업 성취,보통,"제한축 기준 목표 742px (약 72.5%, 허용 70–75%)",평평한 남색 사각 윗판과 둥근 머리 받침으로 이루어진 졸업모자 하나. 한쪽에는 책 재료의 노란색 포인트와 같은 짧은 술이 달리고 앞면 가장자리에는 안경의 둥근 선을 닮은 완만한 곡선이 있음.,"남색, 검정색, 노란색",정면 3/4 시점,CSV 5 merged combo,047,csv5-047,R017,안경 + 책 = 졸업모자,결과,비유형
048_broom.png,빗자루,긴 마녀 빗자루,큼,"제한축 기준 목표 824px (약 80.5%, 허용 78–83%)","긴 갈색 손잡이 끝에 황토색 빗살이 굵은 끈으로 묶인 빗자루 한 자루. 마법봉 결과와 연결되는 보라색 끈 하나가 있지만 별, 광선, 먼지는 없음.","갈색, 황토색, 보라색 포인트",측면 대각선,CSV 5 merged combo,048,csv5-048,R018,빗자루 + 별가루 = 마법봉,재료A,비유형
049_stardust.png,별가루,병에 담긴 별가루,작음,"제한축 기준 목표 384px (약 37.5%, 허용 35–40%)",둥근 보라색 유리병 하나가 코르크 마개로 닫힌 모습. 병 안에는 글자 없이 노란색 별 모양의 별가루 알갱이 세 개가 서로 겹치지 않게 들어 있고 빛이나 연기는 새어 나오지 않음.,"연한 보라색, 진한 보라색, 노란색, 갈색",정면 3/4 시점,CSV 5 merged combo,049,csv5-049,R018,빗자루 + 별가루 = 마법봉,재료B,비유형
050_magic_wand.png,마법봉,별 장식 마법봉,작음,"제한축 기준 목표 384px (약 37.5%, 허용 35–40%)","짧고 매끈한 갈색 막대 끝에 별가루와 같은 노란색 통통한 별 하나가 붙은 마법봉 한 자루. 손잡이에는 빗자루 끈과 같은 보라색 띠가 감겨 있고 광선, 작은 별, 손은 없음.","갈색, 노란색, 보라색",측면 대각선,CSV 5 merged combo,050,csv5-050,R018,빗자루 + 별가루 = 마법봉,결과,비유형
051_world_globe.png,지구본,인터넷 지구본,보통,"제한축 기준 목표 742px (약 72.5%, 허용 70–75%)",파란 구체 위에 단순한 초록 대륙 두세 개가 있고 짧은 회색 축과 받침이 붙은 지구본 하나. 거미줄 결과와 연결되도록 바다 영역에 아주 옅은 흰 곡선 두 줄만 있으며 글자나 국경선은 없음.,"파란색, 하늘색, 초록색, 회색, 흰색 포인트",정면 3/4 시점,CSV 5 merged combo,051,csv5-051,R019,지구본 + 거미줄 = 인터넷 공유기,재료A,비유형
052_spider_web.png,거미줄,둥근 연결망,보통,"제한축 기준 목표 742px (약 72.5%, 허용 70–75%)","가운데 작은 원에서 바깥으로 여섯 갈래 굵은 검은 선이 퍼지고 둥근 연결선 세 겹이 이어진 단순한 거미줄 하나. 거미, 벽, 이슬, 찢어진 부분은 없음.","검정색, 연한 회색, 하늘색 포인트",정면,CSV 5 merged combo,052,csv5-052,R019,지구본 + 거미줄 = 인터넷 공유기,재료B,비유형
053_internet_router.png,인터넷 공유기,세계 연결 공유기,작음,"제한축 기준 목표 384px (약 37.5%, 허용 35–40%)",둥근 모서리의 낮은 파란색 공유기 한 대에 짧은 안테나 두 개가 세워진 모습. 앞면에는 글자나 숫자 없이 지구본의 초록·파랑 반원과 거미줄의 세 갈래 곡선을 합친 작은 연결 표시만 있음.,"파란색, 하늘색, 초록색, 검정색, 흰색",정면 3/4 시점,CSV 5 merged combo,053,csv5-053,R019,지구본 + 거미줄 = 인터넷 공유기,결과,비유형
054_compass.png,나침반,여행 나침반,아주작음,"제한축 기준 목표 205px (약 20%, 허용 18–22%)","둥근 금색 테두리와 크림색 바탕, 빨간색과 남색의 굵은 바늘이 있는 작은 나침반 한 개. 글자와 숫자 없이 네 방향을 짧은 선으로만 표시하며 덮개나 끈은 없음.","금색, 크림색, 빨간색, 남색",정면 3/4 시점,CSV 5 merged combo,054,csv5-054,R020,나침반 + 종이비행기 = 여행가방,재료A,비유형
055_paper_airplane.png,종이비행기,여행 출발,작음,"제한축 기준 목표 384px (약 37.5%, 허용 35–40%)","흰 종이를 단순하게 접어 만든 종이비행기 한 대. 한쪽 날개에 나침반 바늘과 같은 빨간색과 남색의 짧은 삼각형 무늬가 있고 글자, 구름, 이동선은 없음.","흰색, 연한 회색, 빨간색, 남색 포인트",살짝 위에서 바라본 측면 3/4 시점,CSV 5 merged combo,055,csv5-055,R020,나침반 + 종이비행기 = 여행가방,재료B,비유형
056_travel_suitcase.png,여행가방,모험 여행용,큼,"제한축 기준 목표 824px (약 80.5%, 허용 78–83%)",둥근 모서리의 큼직한 남색 여행가방 하나에 짧은 손잡이와 작은 바퀴 두 개가 붙은 모습. 앞면에는 나침반과 같은 금색 원형 장식과 종이비행기를 닮은 흰색 삼각 태그 하나가 붙어 있으며 글자나 스티커는 없음.,"남색, 금색, 흰색, 빨간색 포인트",정면 3/4 시점,CSV 5 merged combo,056,csv5-056,R020,나침반 + 종이비행기 = 여행가방,결과,비유형
